pollutant,model,beta1,ci_low,ci_high,p_value
SO2,"ARMA(1,1)",0.08323641142682557,0.051967751489129535,0.11450507136452161,1.5083970875372623e-5
