pollutant,model,beta1,ci_low,ci_high,p_value
CO,"ARMA(1,1)",-0.005072801569129222,-0.008669890107646716,-0.0014757130306117289,0.007847391427080797
