pollutant,model,beta1,ci_low,ci_high,p_value
PM2.5,"ARMA(1,1)",-0.17225197991904972,-0.27941014011387033,-0.06509381972422915,0.0030114889773082028
