pollutant,model,beta1,ci_low,ci_high,p_value
NO2,"ARMA(1,1)",0.11386350956464289,0.0760741787468224,0.15165284038246338,2.737933878075616e-6
