pollutant,model,beta1,ci_low,ci_high,p_value
O3,"ARMA(1,1)",-3.0550560064679453e-4,-3.7555251405717614e-4,-2.3545868723641293e-4,7.2547389616207765e-9
